Customer_ID,Name,Balance,Loan,City
1001,Aarav,725000,850000,Rajahmundry
1002,Priya,485000,300000,Vijayawada
1003,Rahul,920000,650000,Visakhapatnam
1004,Sneha,315000,150000,Hyderabad
1005,Kiran,1180000,900000,Chennai
1006,Ananya,560000,250000,Bengaluru
1007,Ravi,275000,600000,Rajahmundry
1008,Meena,840000,450000,Kakinada
1009,Arjun,650000,750000,Vijayawada
1010,Divya,430000,100000,Visakhapatnam
1011,Suresh,1320000,1200000,Hyderabad
1012,Pooja,390000,550000,Kakinada
1013,Vamsi,780000,700000,Rajahmundry
1014,Kavya,610000,200000,Chennai
1015,Nikhil,255000,650000,Bengaluru
1016,Lakshmi,970000,350000,Vijayawada
1017,Manoj,520000,800000,Hyderabad
1018,Harsha,690000,450000,Visakhapatnam
1019,Swathi,345000,100000,Rajahmundry
1020,Sai,1100000,950000,Kakinada
