Product,Price,Category,Quantity,Rating
Laptop Pro 15,85000,Electronics,12,4.6
Smartphone X,55000,Electronics,25,4.5
Wireless Earbuds,3500,Accessories,80,4.2
Smart Watch,7500,Accessories,45,4.3
Gaming Monitor,32000,Electronics,18,4.7
Mechanical Keyboard,6500,Accessories,35,4.4
Office Chair,14500,Furniture,22,4.1
Study Table,9000,Furniture,30,4.0
Backpack,2200,Bags,65,4.3
Travel Bag,4800,Bags,40,4.2
Running Shoes,5200,Footwear,50,4.5
Formal Shoes,3800,Footwear,32,4.1
Cotton Shirt,1600,Clothing,70,4.0
Denim Jeans,2800,Clothing,55,4.2
Bluetooth Speaker,4200,Electronics,38,4.4
Tablet,28000,Electronics,20,4.5
Water Bottle,900,Home,100,4.6
Coffee Maker,6800,Home,27,4.3
Air Fryer,11000,Home,16,4.5
Digital Camera,72000,Electronics,8,4.8
