Player,Team,Runs,Matches,Average,Strike Rate
Virat Kohli,RCB,7412,252,38.67,130.15
Rohit Sharma,MI,6628,257,29.72,131.14
Shubman Gill,GT,2790,103,37.7,135.7
Jos Buttler,RR,3582,107,39.78,147.5
KL Rahul,LSG,4683,132,45.47,134.6
Suryakumar Yadav,MI,3594,150,32.67,145.33
Ruturaj Gaikwad,CSK,2380,77,38.39,136.85
David Warner,DC,6565,184,40.52,139.89
MS Dhoni,CSK,5243,264,24.96,137.53
Sanju Samson,RR,4419,168,29.8,138.96
Faf du Plessis,RCB,4571,145,36.93,136.36
Shreyas Iyer,KKR,3127,115,32.21,127.47
Rishabh Pant,DC,3284,111,35.25,148.43
Andre Russell,KKR,2484,126,28.88,174.93
Ravindra Jadeja,CSK,2956,240,27.0,129.67
Yashasvi Jaiswal,RR,1872,52,39.0,150.61
Ishan Kishan,MI,2321,105,28.31,135.72
Hardik Pandya,GT,2309,137,28.5,145.27
Ajinkya Rahane,CSK,4642,185,30.13,123.42
Dinesh Karthik,RCB,4842,257,26.32,135.36
